City_ID,City,Lat,Lng,Max Temp,Humidity,Cloudiness,Wind Speed,Country,Date
0,barrow,71.2906,-156.7887,-2.9899999999999523,74,40,12.35,US,1670286166
1,udachnyy,66.4167,112.4,-25.309999999999974,75,100,2.59,RU,1670286574
2,jamestown,42.097,-79.2353,6.770000000000039,30,0,4.12,US,1670286222
3,ushuaia,-54.8,-68.3,7.7900000000000205,53,75,8.75,AR,1670286424
4,cabedelo,-6.9811,-34.8339,25.370000000000005,76,10,4.74,BR,1670286523
5,banjar,-8.19,114.9675,28.150000000000034,72,100,0.24,ID,1670286575
6,hilo,19.7297,-155.09,25.850000000000023,83,75,4.63,US,1670286464
7,nioki,-2.7167,17.6833,20.180000000000007,98,55,0.88,CD,1670286575
8,tocache,-8.1842,-76.5125,21.850000000000023,93,42,0.57,PE,1670286576
9,kutum,14.2,24.6667,15.120000000000005,28,1,5.08,SD,1670286576
10,awjilah,29.1081,21.2869,17.260000000000048,34,16,3.42,LY,1670286577
11,cape town,-33.9258,18.4232,17.230000000000018,69,20,5.66,ZA,1670286432
12,longyearbyen,78.2186,15.6401,-14.089999999999975,66,40,9.26,SJ,1670286234
13,ust-nera,64.5667,143.2,-42.17999999999998,97,98,1.07,RU,1670286577
14,los llanos de aridane,28.6585,-17.9182,17.860000000000014,83,75,3.09,ES,1670286577
15,luderitz,-26.6481,15.1594,14.900000000000034,73,9,8.61,NA,1670286435
16,hobart,-42.8794,147.3294,15.590000000000032,61,75,6.69,AU,1670286423
17,saint-philippe,-21.3585,55.7679,23.77000000000004,84,98,4.71,RE,1670286487
18,lebu,-37.6167,-73.65,15.520000000000039,83,2,1.14,CL,1670286452
19,madang,-5.2246,145.7966,28.980000000000018,68,99,0.45,PG,1670286578
20,new norfolk,-42.7826,147.0587,15.400000000000034,47,97,1.79,AU,1670286426
21,saskylakh,71.9167,114.0833,-24.169999999999987,92,100,10.17,RU,1670286579
22,rikitea,-23.1203,-134.9692,24.24000000000001,80,95,6.35,PF,1670286437
23,yellowknife,62.456,-114.3525,-33.579999999999984,75,20,3.6,CA,1670286448
24,nikolskoye,59.7035,30.7861,-6.060000000000002,90,99,3.61,RU,1670286444
25,port macquarie,-31.4333,152.9167,24.700000000000045,63,51,6.71,AU,1670286580
26,ribeira grande,38.5167,-28.7,17.100000000000023,83,100,11.18,PT,1670286458
27,bengkulu,-3.8004,102.2655,24.170000000000016,89,100,1.15,ID,1670286376
28,busselton,-33.65,115.3333,17.610000000000014,51,2,6.37,AU,1670286421
29,port elizabeth,-33.918,25.5701,15.730000000000018,90,20,4.12,ZA,1670286447
30,les escoumins,48.1111,-69.0236,0.6400000000000432,67,63,6.79,CA,1670286581
31,sao filipe,14.8961,-24.4956,22.53000000000003,67,28,2.03,CV,1670286581
32,kapaa,22.0752,-159.319,26.180000000000007,88,100,3.6,US,1670286419
33,la paz,-16.5,-68.15,10.990000000000009,49,75,4.63,BO,1670286582
34,port alfred,-33.5906,26.891,13.990000000000009,95,3,1.79,ZA,1670286451
35,puerto ayora,-0.7393,-90.3518,21.420000000000016,91,67,3.13,EC,1670286428
36,arraial do cabo,-22.9661,-42.0278,23.160000000000025,89,100,10.48,BR,1670286430
37,katsuura,35.1333,140.3,7.010000000000048,93,100,8.93,JP,1670286582
38,mataura,-46.1927,168.8643,10.270000000000039,50,93,2.15,NZ,1670286422
39,coihaique,-45.5752,-72.0662,10.970000000000027,54,75,4.12,CL,1670286252
40,pahrump,36.2083,-115.9839,14.03000000000003,44,33,2.24,US,1670286583
41,spring hill,28.4769,-82.5255,21.600000000000023,86,0,0.0,US,1670286526
42,termiz,37.2242,67.2783,-0.9499999999999886,86,75,1.03,UZ,1670286584
43,kysyl-syr,63.8986,122.7617,-24.159999999999968,98,100,1.68,RU,1670286585
44,butaritari,3.0707,172.7902,27.110000000000014,81,100,7.08,KI,1670286450
45,atuona,-9.8,-139.0333,25.350000000000023,74,86,6.72,PF,1670286431
46,pisco,-13.7,-76.2167,20.03000000000003,77,0,6.69,PE,1670286318
47,husavik,66.0449,-17.3389,0.5800000000000409,80,98,3.75,IS,1670286585
48,punta arenas,-53.15,-70.9167,7.060000000000002,53,40,5.66,CL,1670286440
49,teberda,43.4456,41.7448,-2.409999999999968,90,65,2.59,RU,1670286586
50,olinda,-8.0089,-34.8553,25.850000000000023,78,75,4.63,BR,1670286586
51,san pedro,14.35,121.0167,29.03000000000003,76,20,3.26,PH,1670286587
52,norman wells,65.282,-126.8329,-28.97999999999999,76,20,6.69,CA,1670286445
53,dikson,73.5069,80.5464,-5.069999999999993,96,100,5.75,RU,1670286472
54,amapa,1.0,-52.0,23.650000000000034,87,100,1.85,BR,1670286587
55,lodwar,3.1191,35.5973,26.939999999999998,50,66,2.99,KE,1670286516
56,bredasdorp,-34.5322,20.0403,13.810000000000002,73,99,1.18,ZA,1670286420
57,aklavik,68.2191,-135.0107,-24.819999999999965,83,100,9.16,CA,1670286457
58,mahebourg,-20.4081,57.7,24.160000000000025,83,75,4.63,MU,1670286439
59,sur,22.5667,59.5289,22.25,62,0,1.41,OM,1670286507
60,bluff,-46.6,168.3333,10.450000000000045,54,72,2.82,NZ,1670286419
61,kodiak,57.79,-152.4072,1.7300000000000182,93,0,0.0,US,1670286448
62,anadyr,64.75,177.4833,-3.7199999999999704,100,100,17.43,RU,1670286493
63,cayenne,4.9333,-52.3333,25.02000000000004,94,0,0.51,GF,1670286506
64,plaisance-du-touch,43.5657,1.2975,6.810000000000002,75,0,1.03,FR,1670286589
65,avarua,-21.2078,-159.775,25.03000000000003,78,40,4.12,CK,1670286418
66,makakilo city,21.3469,-158.0858,27.860000000000014,63,75,4.63,US,1670286498
67,shyryayeve,47.3805,30.1964,-3.009999999999991,80,100,4.01,UA,1670286589
68,nouadhibou,20.931,-17.0347,19.99000000000001,77,17,6.17,MR,1670286513
69,nome,64.5011,-165.4064,-0.9599999999999795,80,75,8.75,US,1670286505
70,torbay,47.6666,-52.7314,4.210000000000036,96,100,0.0,CA,1670286447
71,seddon,-37.8068,144.8916,20.370000000000005,61,75,5.14,AU,1670286590
72,piranhas,-16.4269,-51.8222,24.140000000000043,74,99,1.02,BR,1670286323
73,cabo san lucas,22.8909,-109.9124,28.170000000000016,59,0,3.09,MX,1670286315
74,alyangula,-13.8483,136.4192,30.350000000000023,53,63,2.95,AU,1670286510
75,cowra,-33.8333,148.6833,19.970000000000027,40,0,2.51,AU,1670286591
76,sorland,67.667,12.6934,2.920000000000016,81,100,16.97,NO,1670286591
77,chodavaram,17.8333,82.95,18.910000000000025,82,8,1.21,IN,1670286592
78,geraldton,-28.7667,114.6,23.230000000000018,56,57,7.2,AU,1670286460
79,tuktoyaktuk,69.4541,-133.0374,-26.99999999999997,69,75,11.32,CA,1670286457
80,tasiilaq,65.6145,-37.6368,-2.909999999999968,62,22,2.17,GL,1670286462
81,haines junction,60.7522,-137.5108,-20.029999999999973,77,95,1.03,CA,1670286593
82,nanortalik,60.1432,-45.2371,0.7000000000000455,79,96,6.86,GL,1670286593
83,vaini,-21.2,-175.2,28.090000000000032,78,75,5.66,TO,1670286445
84,albany,42.6001,-73.9662,4.230000000000018,56,100,0.45,US,1670286252
85,chuy,-33.6971,-53.4616,18.33000000000004,94,0,3.12,UY,1670286515
86,verkhoyansk,67.5447,133.385,-27.44999999999999,99,100,0.92,RU,1670286594
87,cap-aux-meules,47.3821,-61.8597,1.0300000000000296,69,20,3.6,CA,1670286594
88,komsomolskiy,40.4272,71.7189,-1.599999999999966,86,75,2.06,UZ,1670286595
89,la concepcion,8.5167,-82.6167,23.660000000000025,90,81,0.63,PA,1670286595
90,yerbogachen,61.2767,108.0108,-11.159999999999968,90,100,5.65,RU,1670286595
91,portland,45.5234,-122.6762,6.580000000000041,80,20,3.09,US,1670286596
92,cascais,38.6979,-9.4215,14.730000000000018,91,30,2.24,PT,1670286596
93,harper,4.375,-7.7169,25.650000000000034,87,79,3.22,LR,1670286597
94,tiarei,-17.5333,-149.3333,29.010000000000048,78,20,7.3,PF,1670286597
95,thompson,55.7435,-97.8558,-30.909999999999968,69,0,3.09,CA,1670286438
96,airai,-8.9266,125.4092,21.74000000000001,49,75,0.65,TL,1670286482
97,port hedland,-20.3167,118.5667,34.03000000000003,38,60,4.63,AU,1670286598
98,lerwick,60.1545,-1.1494,5.0,69,100,10.68,GB,1670286598
99,kaitangata,-46.2817,169.8464,13.220000000000027,51,97,3.84,NZ,1670286502
100,hermanus,-34.4187,19.2345,15.610000000000014,68,100,0.82,ZA,1670286449
101,sitka,57.0531,-135.33,2.9399999999999977,81,100,0.0,US,1670286439
102,shelburne,44.0787,-80.2041,1.6100000000000136,64,100,5.66,CA,1670286599
103,hambantota,6.1241,81.1185,24.379999999999995,85,100,2.09,LK,1670286599
104,malanville,11.8685,3.3899,24.53000000000003,17,80,3.7,BJ,1670286600
105,chandler,33.3062,-111.8412,20.450000000000045,65,0,2.57,US,1670286584
106,lompoc,34.6391,-120.4579,15.560000000000002,77,0,4.63,US,1670286455
107,znamenskoye,57.1281,73.8282,-20.45999999999998,97,97,1.13,RU,1670286600
108,fortuna,40.5982,-124.1573,11.100000000000023,87,100,0.0,US,1670286495
109,hofn,64.2539,-15.2082,1.8600000000000136,68,35,4.25,IS,1670286459
110,carnarvon,-24.8667,113.6333,21.980000000000018,67,69,6.98,AU,1670286421
111,isla vista,34.4133,-119.861,17.189999999999998,68,20,4.12,US,1670286601
112,corbeni,45.3,24.65,1.920000000000016,98,100,0.65,RO,1670286601
113,mar del plata,-38.0023,-57.5575,24.010000000000048,84,0,8.05,AR,1670286454
114,yurimaguas,-5.9,-76.0833,25.33000000000004,73,28,0.97,PE,1670286602
115,zhezkazgan,47.8043,67.7144,-26.00999999999999,76,40,3.0,KZ,1670286424
116,zayukovo,43.6161,43.3339,-5.8799999999999955,94,90,1.34,RU,1670286603
117,mombasa,-4.0547,39.6636,24.840000000000032,84,100,1.37,KE,1670286604
118,tall kayf,37.0833,41.0667,10.140000000000043,72,12,1.53,TR,1670286604
119,maniitsoq,65.4167,-52.9,2.080000000000041,84,100,11.03,GL,1670286605
120,narsaq,60.9167,-46.05,-3.7299999999999613,70,80,5.39,GL,1670286510
121,severo-kurilsk,50.6789,156.125,-4.239999999999952,74,97,8.97,RU,1670286489
122,aksu,41.1231,80.2644,-4.399999999999977,35,100,1.1,CN,1670286606
123,tahta,26.7693,31.5021,14.520000000000039,65,0,5.49,EG,1670286606
124,praya,14.9215,-23.5087,22.30000000000001,68,75,3.09,CV,1670286607
125,kenai,60.5544,-151.2583,-2.6999999999999886,95,100,3.6,US,1670286607
126,mareeba,-17.0,145.4333,30.24000000000001,52,0,1.83,AU,1670286608
127,te anau,-45.4167,167.7167,9.980000000000018,92,100,1.6,NZ,1670286509
128,saint-pierre,-21.3393,55.4781,23.82000000000005,69,0,1.54,RE,1670286608
129,ponta do sol,32.6667,-17.1,18.730000000000018,74,100,0.77,PT,1670286459
130,gat,31.61,34.7642,15.220000000000027,80,1,0.82,IL,1670286485
131,vardo,70.3705,31.1107,-3.009999999999991,93,100,5.14,NO,1670286427
132,tiksi,71.6872,128.8694,-25.21999999999997,95,100,6.01,RU,1670286487
133,manado,1.487,124.8455,26.430000000000007,89,40,1.03,ID,1670286503
134,dingle,10.9995,122.6711,27.29000000000002,79,15,5.63,PH,1670286611
135,katiola,8.1333,-5.1,25.75,59,67,0.38,CI,1670286611
136,villarrica,-25.75,-56.4333,24.560000000000002,68,23,1.85,PY,1670286612
137,tezu,27.9167,96.1667,16.0,41,0,1.71,IN,1670286612
138,zhanaozen,43.3,52.8,-8.529999999999973,50,0,0.29,KZ,1670286613
139,qaanaaq,77.484,-69.3632,1.3100000000000023,74,100,7.83,GL,1670286418
140,ryotsu,38.0833,138.4333,6.110000000000014,80,100,4.36,JP,1670286613
141,basar,27.9833,94.6667,11.020000000000039,65,4,1.12,IN,1670286614
142,lavrentiya,65.5833,-171.0,-1.1499999999999773,87,100,13.51,RU,1670286501
143,pevek,69.7008,170.3133,-27.19999999999999,81,33,0.51,RU,1670286482
144,tabuk,17.4189,121.4443,25.710000000000036,81,54,2.45,PH,1670286615
145,okha,53.5739,142.9478,-14.409999999999968,86,100,6.29,RU,1670286615
146,riberalta,-10.9833,-66.1,22.03000000000003,97,100,0.76,BO,1670286616
147,carballo,43.213,-8.691,11.060000000000002,89,100,1.49,ES,1670286616
148,vila franca do campo,37.7167,-25.4333,16.230000000000018,84,42,3.41,PT,1670286617
149,anapoima,4.5203,-74.5394,24.439999999999998,91,20,2.06,CO,1670286617
150,kieta,-6.2167,155.6333,26.129999999999995,89,100,6.28,PG,1670286617
151,peniche,39.3558,-9.3811,13.390000000000043,96,100,3.6,PT,1670286618
152,iberia,29.9502,-91.7507,23.04000000000002,88,0,3.09,US,1670286619
153,san cristobal,7.7669,-72.225,18.100000000000023,98,49,1.54,VE,1670286619
154,ondjiva,-17.0667,15.7333,25.720000000000027,41,76,2.8,AO,1670286619
155,muli,2.9167,73.5667,26.80000000000001,75,100,3.51,MV,1670286620
156,estelle,29.8458,-90.1067,22.78000000000003,88,100,4.12,US,1670286620
157,honiara,-9.4333,159.95,30.460000000000036,65,92,2.3,SB,1670286621
158,castro,-24.7911,-50.0119,18.58000000000004,96,91,1.33,BR,1670286455
159,opuwo,-18.0607,13.84,19.510000000000048,37,2,1.93,NA,1670286621
160,vila velha,-20.3297,-40.2925,23.30000000000001,90,75,1.54,BR,1670286622
161,hithadhoo,-0.6,73.0833,27.24000000000001,75,96,3.41,MV,1670286443
162,suraabad,40.8192,49.4687,2.4600000000000364,95,100,0.83,AZ,1670286622
163,vorukh,39.8494,70.5838,-3.8799999999999955,71,100,2.55,TJ,1670286623
164,goure,13.9835,10.2704,19.890000000000043,21,7,4.5,NE,1670286623
165,talnakh,69.4865,88.3972,-3.769999999999982,96,100,4.28,RU,1670286624
166,abilene,32.4487,-99.7331,21.160000000000025,62,0,5.14,US,1670286530
167,thunder bay,48.4001,-89.3168,-9.009999999999991,57,100,4.12,CA,1670286625
168,araouane,18.9048,-3.5265,26.33000000000004,16,100,2.74,ML,1670286625
169,yumbel,-37.0833,-72.5667,14.79000000000002,68,0,1.23,CL,1670286626
170,nishihara,26.1842,127.7558,18.600000000000023,88,100,9.26,JP,1670286626
171,upernavik,72.7868,-56.1549,-2.8700000000000045,70,32,5.22,GL,1670286438
172,manakara,-22.1333,48.0167,22.57000000000005,90,100,2.4,MG,1670286627
173,gamba,-2.65,10.0,25.210000000000036,87,100,3.2,GA,1670286627
174,cherskiy,68.75,161.3,-23.649999999999977,89,100,2.69,RU,1670286521
175,bakchar,57.0186,82.0711,-19.20999999999998,98,100,2.07,RU,1670286628
176,beringovskiy,63.05,179.3167,-2.1499999999999773,73,100,9.96,RU,1670286628
177,himatangi,-40.4,175.3167,18.689999999999998,73,99,6.22,NZ,1670286629
178,copiapo,-27.3667,-70.3333,14.830000000000041,50,0,1.74,CL,1670286567
179,ballina,-28.8667,153.5667,32.10000000000002,40,0,2.44,AU,1670286629
180,fairbanks,64.8378,-147.7164,-8.019999999999982,86,100,0.0,US,1670286603
181,rio cuarto,-33.1307,-64.3499,30.870000000000005,23,0,4.12,AR,1670286630
182,khatanga,71.9667,102.5,-26.44999999999999,92,100,4.19,RU,1670286630
183,ormara,25.2088,64.6357,22.360000000000014,60,0,3.16,PK,1670286631
184,sagarejo,41.734,45.3315,-1.759999999999991,97,95,0.72,GE,1670286631
185,nichinan,31.6,131.3667,9.82000000000005,70,4,2.43,JP,1670286631
186,saldanha,-33.0117,17.9442,13.03000000000003,77,80,6.2,ZA,1670286473
187,esso,55.9333,158.7,-14.009999999999991,92,89,2.68,RU,1670286632
188,clyde river,70.4692,-68.5914,-9.870000000000005,100,100,1.03,CA,1670286632
189,solnechnyy,50.7214,136.6319,-16.46999999999997,78,100,1.77,RU,1670286633
190,georgetown,5.4112,100.3354,27.350000000000023,90,20,1.03,MY,1670286167
191,samarai,-10.6167,150.6667,28.33000000000004,71,94,3.37,PG,1670286633
192,beitbridge,-22.2167,30.0,26.379999999999995,54,100,5.89,ZW,1670286634
193,shangqiu,34.45,115.65,3.5100000000000477,65,100,3.01,CN,1670286634
194,gizo,-8.103,156.8419,29.25,69,100,4.69,SB,1670286634
195,la asuncion,11.0333,-63.8628,23.960000000000036,80,79,2.49,VE,1670286635
196,uruzgan,32.8333,66.0,5.430000000000007,60,91,1.71,AF,1670286635
197,berlevag,70.8578,29.0864,0.9700000000000273,86,100,7.72,NO,1670286635
198,taoudenni,22.6783,-3.9836,25.49000000000001,20,0,2.13,ML,1670286636
199,puerto ayacucho,5.6639,-67.6236,25.07000000000005,80,97,2.68,VE,1670286636
200,obo,5.3998,26.4869,21.689999999999998,81,25,1.52,CF,1670286637
201,champerico,14.3,-91.9167,26.24000000000001,79,5,1.5,GT,1670286637
202,santa isabel do rio negro,-0.4139,-65.0192,24.80000000000001,87,100,0.8,BR,1670286637
203,lata,40.1629,-8.3327,11.710000000000036,92,99,1.41,PT,1670286450
204,mount gambier,-37.8333,140.7667,18.060000000000002,44,100,3.3,AU,1670286638
205,codrington,-38.2667,141.9667,15.78000000000003,61,55,4.07,AU,1670286638
206,akdepe,42.0551,59.3788,-14.949999999999989,79,6,0.34,TM,1670286639
207,pingliang,35.5392,106.6861,-0.5,55,100,0.92,CN,1670286639
208,manggar,-2.8833,108.2667,27.5,77,100,1.53,ID,1670286639
209,mehamn,71.0357,27.8492,0.9500000000000455,91,100,6.66,NO,1670286640
210,hualmay,-11.0964,-77.6139,19.150000000000034,85,73,3.19,PE,1670286640
211,alta floresta,-9.8756,-56.0861,21.05000000000001,99,96,1.19,BR,1670286641
212,suez,29.9737,32.5263,15.140000000000043,75,17,3.72,EG,1670286641
213,sorong,-0.8833,131.25,28.210000000000036,75,59,3.8,ID,1670286642
214,vila,42.0304,-8.1588,4.490000000000009,91,100,1.28,PT,1670286642
215,iqaluit,63.7506,-68.5145,-15.149999999999977,85,40,1.54,CA,1670286642
216,kavieng,-2.5744,150.7967,28.850000000000023,68,71,0.72,PG,1670286643
217,aksarka,66.5606,67.7975,-15.909999999999968,95,88,3.58,RU,1670286643
218,katobu,-4.9408,122.5276,28.340000000000032,75,100,1.79,ID,1670286644
219,ratangarh,28.0833,74.6,12.930000000000007,33,0,1.76,IN,1670286644
220,bethel,41.3712,-73.414,6.470000000000027,68,0,0.0,US,1670286417
221,san quintin,30.4833,-115.95,15.939999999999998,74,0,8.01,MX,1670286645
222,east london,-33.0153,27.9116,15.310000000000002,81,2,4.22,ZA,1670286307
223,sala,34.0389,-6.8166,17.379999999999995,94,75,6.17,MA,1670286645
224,bay roberts,47.5999,-53.2648,4.6299999999999955,97,100,2.97,CA,1670286645
225,dunedin,-45.8742,170.5036,11.0,75,100,1.79,NZ,1670286508
226,beisfjord,68.3751,17.5988,0.7900000000000205,98,100,2.65,NO,1670286646
227,chara,56.9064,118.2631,-19.24999999999997,76,100,1.93,RU,1670286475
228,cobija,-11.0267,-68.7692,22.680000000000007,90,95,2.36,BO,1670286646
229,mecca,21.4267,39.8261,23.32000000000005,76,1,1.76,SA,1670286602
230,arlit,18.7369,7.3853,24.74000000000001,16,97,1.89,NE,1670286478
231,porto walter,-8.2686,-72.7439,22.58000000000004,92,86,1.69,BR,1670286470
232,bridlington,54.0831,-0.1919,5.57000000000005,81,100,2.24,GB,1670286647
233,sarangani,5.4033,125.4636,27.920000000000016,78,67,9.02,PH,1670286648
234,erenhot,43.6475,111.9767,-12.699999999999989,51,0,6.01,CN,1670286648
235,souillac,-20.5167,57.5167,24.210000000000036,83,75,4.63,MU,1670286449
236,klaksvik,62.2266,-6.589,3.5100000000000477,62,77,11.52,FO,1670286467
237,sarai,53.7458,41.0213,-9.739999999999952,77,78,2.39,RU,1670286649
238,pokaran,26.9167,71.9167,15.010000000000048,27,0,3.25,IN,1670286649
239,hamilton,39.1834,-84.5333,7.970000000000027,79,100,4.63,US,1670286392
240,wahiawa,21.5028,-158.0236,26.860000000000014,62,100,3.09,US,1670286536
241,mayo,38.8876,-76.5119,6.970000000000027,74,0,0.0,US,1670286232
242,faanui,-16.4833,-151.75,26.600000000000023,76,91,7.48,PF,1670286433
243,mineros,-17.1167,-63.2333,28.57000000000005,45,100,3.18,BO,1670286650
244,bukama,-9.2,25.85,18.930000000000007,96,95,0.91,CD,1670286651
245,mitsamiouli,-11.3847,43.2844,26.28000000000003,81,45,4.48,KM,1670286651
246,northam,51.0333,-4.2167,6.8799999999999955,82,100,6.81,GB,1670286651
247,stornoway,58.2093,-6.3865,5.980000000000018,79,100,6.69,GB,1670286652
248,kununurra,-15.7667,128.7333,31.99000000000001,70,47,3.09,AU,1670286652
249,brigantine,39.4101,-74.3646,5.010000000000048,86,0,0.0,US,1670286652
250,markivka,49.5229,39.5705,-7.3700000000000045,48,0,3.75,UA,1670286653
251,aykhal,66.0,111.5,-25.339999999999975,98,100,7.15,RU,1670286431
252,saint george,37.1041,-113.5841,14.410000000000025,60,40,3.6,US,1670286369
253,pangnirtung,66.1451,-65.7125,-6.839999999999975,97,100,1.73,CA,1670286653
254,kachiry,53.0675,76.1036,-21.45999999999998,99,32,1.65,KZ,1670286654
255,srednekolymsk,67.45,153.6833,-32.27999999999997,97,100,1.53,RU,1670286654
256,yar-sale,66.8333,70.8333,-17.44999999999999,97,22,3.01,RU,1670286654
257,sakakah,29.9697,40.2064,13.760000000000048,65,6,3.54,SA,1670286655
258,taitung,22.7583,121.1444,21.150000000000034,73,75,4.63,TW,1670286655
259,svit,49.0601,20.2069,3.9500000000000455,97,100,1.03,SK,1670286656
260,flin flon,54.7682,-101.865,-28.089999999999975,69,40,2.06,CA,1670286656
261,dakar,14.6937,-17.4441,24.08000000000004,76,26,6.18,SN,1670286656
262,pacifica,37.6138,-122.4869,14.410000000000025,81,75,3.13,US,1670286657
263,bandarbeyla,9.4942,50.8122,24.57000000000005,73,44,8.19,SO,1670286452
264,rawson,-43.3002,-65.1023,21.980000000000018,41,30,5.62,AR,1670286657
265,jacqueville,5.2052,-4.4146,26.80000000000001,84,60,3.92,CI,1670286658
266,moen,69.1304,18.6123,1.400000000000034,93,100,5.14,NO,1670286437
267,zhigansk,66.7697,123.3711,-32.90999999999997,100,91,2.15,RU,1670286658
268,hernani,43.2662,-1.9762,12.140000000000043,80,20,1.79,ES,1670286659
269,kavaratti,10.5669,72.642,27.560000000000002,69,91,1.48,IN,1670286659
270,araceli,10.5529,119.9913,28.340000000000032,76,100,7.22,PH,1670286659
271,lagoa,39.05,-27.9833,15.970000000000027,78,100,11.69,PT,1670286660
272,poum,-20.2333,164.0167,27.510000000000048,79,100,6.06,NC,1670286660
273,itainopolis,-7.4469,-41.4783,28.200000000000045,51,91,2.89,BR,1670286661
274,asosa,10.0667,34.5333,17.860000000000014,42,17,1.64,ET,1670286661
275,palmer,42.1584,-72.3287,4.400000000000034,79,75,2.57,US,1670286468
276,nabire,-3.3667,135.4833,30.0,56,46,1.83,ID,1670286662
277,victoria,22.2855,114.1577,16.810000000000002,77,89,4.92,HK,1670286482
278,sisimiut,66.9395,-53.6735,1.1400000000000432,74,100,5.92,GL,1670286662
279,hervey bay,-25.2986,152.8535,25.720000000000027,64,0,4.11,AU,1670286663
280,vanavara,60.34,102.2797,-12.359999999999957,91,100,4.82,RU,1670286663
281,awbari,26.5921,12.7805,19.29000000000002,21,0,5.52,LY,1670286664
282,lehrte,52.3833,9.9667,2.75,92,100,2.27,DE,1670286664
283,christchurch,-43.5333,172.6333,19.07000000000005,67,20,10.8,NZ,1670286586
284,alcacer do sal,38.3733,-8.5144,12.220000000000027,97,80,1.41,PT,1670286665
285,olafsvik,64.8945,-23.7142,4.0400000000000205,74,22,0.81,IS,1670286666
286,cidreira,-30.1811,-50.2056,22.120000000000005,90,99,3.85,BR,1670286527
287,imeni karla libknekhta,51.6232,35.4775,-7.289999999999964,51,100,3.79,RU,1670286666
288,leh,34.1667,77.5833,-8.579999999999984,51,100,0.91,IN,1670286667
289,ilulissat,69.2167,-51.1,6.010000000000048,45,100,5.14,GL,1670286668
290,bambous virieux,-20.3428,57.7575,24.140000000000043,83,75,4.63,MU,1670286429
291,manavalakurichi,8.1333,77.3,24.650000000000034,79,100,2.86,IN,1670286668
292,alofi,-19.0595,-169.9187,26.939999999999998,83,75,4.12,NU,1670286425
293,abnub,27.2696,31.1511,14.520000000000039,69,0,4.77,EG,1670286669
294,chingola,-12.529,27.8838,16.090000000000032,92,100,1.66,ZM,1670286669
295,prestice,49.573,13.3335,3.0100000000000477,95,100,1.54,CZ,1670286670
296,bonthe,7.5264,-12.505,25.82000000000005,85,18,1.0,SL,1670286670
297,biak,-0.9131,122.8766,27.210000000000036,71,98,3.77,ID,1670286671
298,nizwa,22.9333,57.5333,17.650000000000034,66,0,0.73,OM,1670286671
299,buy,58.4786,41.53,-10.699999999999989,89,100,3.19,RU,1670286672
300,apac,1.9756,32.5386,17.930000000000007,82,100,1.81,UG,1670286672
301,krasnyy oktyabr,56.1167,38.8833,-9.20999999999998,84,100,2.95,RU,1670286673
302,tramore,52.1624,-7.1524,6.460000000000036,83,100,2.68,IE,1670286673
303,hobyo,5.3505,48.5268,25.82000000000005,84,98,8.34,SO,1670286674
304,kailua,21.4022,-157.7394,28.670000000000016,47,100,3.09,US,1670286432
305,channel-port aux basques,47.5702,-59.1367,1.0600000000000023,64,6,1.66,CA,1670286674
306,morondava,-20.2833,44.2833,24.590000000000032,79,45,1.64,MG,1670286480
307,scottsbluff,41.8666,-103.6672,-0.37999999999999545,74,0,3.09,US,1670286675
308,pak phanang,8.3511,100.202,26.010000000000048,84,100,4.02,TH,1670286676
309,jurm,36.8648,70.8342,2.5300000000000296,64,100,1.39,AF,1670286676
310,san patricio,28.017,-97.5169,23.980000000000018,82,49,5.66,US,1670286491
311,touros,-5.1989,-35.4608,25.99000000000001,74,0,5.94,BR,1670286677
312,korla,41.7597,86.1469,-5.259999999999991,44,100,2.03,CN,1670286677
313,quepos,9.4236,-84.1652,24.350000000000023,86,69,0.45,CR,1670286618
314,kawhia,-38.0651,174.8183,21.950000000000045,61,100,3.21,NZ,1670286678
315,port-gentil,-0.7193,8.7815,27.129999999999995,77,100,3.03,GA,1670286679
316,puyang,29.4603,119.8861,7.4500000000000455,83,91,1.59,CN,1670286679
317,piranshahr,36.701,45.1413,-0.06999999999999318,86,61,1.08,IR,1670286679
318,tuatapere,-46.1333,167.6833,12.100000000000023,59,55,3.01,NZ,1670286680
319,provideniya,64.3833,-173.3,0.20000000000004547,93,100,17.0,RU,1670286469
320,grand gaube,-20.0064,57.6608,24.220000000000027,81,100,0.89,MU,1670286680
321,shizunai,42.3339,142.3669,0.7000000000000455,53,80,0.94,JP,1670286475
322,okakarara,-20.5833,17.4333,19.07000000000005,17,29,4.23,NA,1670286681
323,washougal,45.5826,-122.3534,6.25,80,0,6.17,US,1670286500
324,san matias,-16.3667,-58.4,23.340000000000032,93,100,1.43,BO,1670286682
325,itacurubi del rosario,-24.5,-56.6833,24.760000000000048,69,87,1.96,PY,1670286682
326,belmonte,-15.8631,-38.8828,23.210000000000036,86,100,2.67,BR,1670286465
327,portobelo,9.55,-79.65,24.470000000000027,82,79,3.26,PA,1670286683
328,puerto colombia,10.9878,-74.9547,26.05000000000001,79,90,8.3,CO,1670286684
329,ha giang,22.8333,104.9833,15.970000000000027,85,97,0.55,VN,1670286684
330,qasigiannguit,68.8193,-51.1922,6.140000000000043,71,54,4.25,GL,1670286525
331,halifax,44.6453,-63.5724,2.900000000000034,79,2,1.34,CA,1670286479
332,petropavlovsk-kamchatskiy,53.0452,158.6483,-8.669999999999959,57,75,2.0,RU,1670286685
333,suruc,36.9761,38.425,9.850000000000023,71,12,1.04,TR,1670286685
334,omemee,44.299,-78.5599,4.270000000000039,66,75,2.06,CA,1670286686
335,chokurdakh,70.6333,147.9167,-39.71999999999997,100,38,1.95,RU,1670286686
336,zamora,-4.0692,-78.9567,18.430000000000007,95,33,1.81,EC,1670286686
337,yenagoa,4.9247,6.2642,25.210000000000036,90,70,1.61,NG,1670286687
338,ures,29.4333,-110.4,22.04000000000002,58,9,3.46,MX,1670286687
339,salalah,17.0151,54.0924,22.05000000000001,60,0,2.57,OM,1670286589
340,novosergiyevka,52.0934,53.6528,-14.919999999999959,91,15,2.09,RU,1670286688
341,barcelos,41.5388,-8.6151,12.180000000000007,85,90,1.81,PT,1670286430
342,isangel,-19.55,169.2667,31.060000000000002,74,20,1.54,VU,1670286507
343,moerai,-22.4333,-151.3333,25.260000000000048,79,100,5.15,PF,1670286689
344,marawi,7.9986,124.2928,24.870000000000005,73,100,1.14,PH,1670286689
345,beihai,21.4833,109.1,11.879999999999995,76,100,5.93,CN,1670286689
346,hasaki,35.7333,140.8333,6.270000000000039,85,100,10.35,JP,1670286523
347,jining,35.405,116.5814,0.1400000000000432,52,1,2.12,CN,1670286471
348,anchorage,61.2181,-149.9003,-0.07999999999998408,91,100,2.06,US,1670286536
349,port keats,-14.25,129.55,31.930000000000007,60,87,4.2,AU,1670286690
350,butia,-30.1197,-51.9622,20.200000000000045,91,9,2.68,BR,1670286691
351,miyako,39.6367,141.9525,4.75,73,100,1.14,JP,1670286691
352,acajutla,13.5928,-89.8275,25.5,71,44,1.12,SV,1670286691
353,the valley,18.217,-63.0578,26.170000000000016,70,7,7.73,AI,1670286692
354,kloulklubed,7.0419,134.2556,27.28000000000003,78,89,5.0,PW,1670286481
355,gambela,8.25,34.5833,23.930000000000007,66,12,1.46,ET,1670286692
356,camacha,33.0833,-16.3333,15.680000000000007,77,20,1.03,PT,1670286692
357,kalabo,-14.97,22.6814,21.02000000000004,73,94,3.4,ZM,1670286693
358,pokhara,28.2333,83.9833,13.230000000000018,26,0,2.38,NP,1670286470
359,bima,-8.4667,118.7167,29.670000000000016,71,90,0.87,ID,1670286693
360,jumla,29.2747,82.1838,3.5,17,0,2.28,NP,1670286467
361,nemuro,43.3236,145.575,-0.9699999999999704,49,0,3.84,JP,1670286694
362,eyl,7.9803,49.8164,24.29000000000002,71,71,6.94,SO,1670286694
363,rio grande,-32.035,-52.0986,20.060000000000002,86,0,3.97,BR,1670286673
364,tombouctou,20.0,-3.0,25.28000000000003,16,64,1.94,ML,1670286695
365,naze,28.3667,129.4833,15.510000000000048,69,99,7.6,JP,1670286517
366,sabang,5.8933,95.3214,26.760000000000048,76,98,3.5,ID,1670286695
367,yaan,7.3833,8.5667,23.590000000000032,20,17,1.52,NG,1670286696
368,bloomingdale,27.8936,-82.2404,22.920000000000016,79,100,0.0,US,1670286696
369,adrar,20.5022,-10.0711,22.760000000000048,29,39,0.49,MR,1670286696
370,bara,10.3744,10.7288,20.04000000000002,22,6,3.19,NG,1670286697
371,tougan,13.0667,-3.0667,26.54000000000002,24,100,3.64,BF,1670286697
372,henties bay,-22.116,14.2845,13.78000000000003,90,6,4.08,NA,1670286698
373,kasongo-lunda,-6.4667,16.8167,21.450000000000045,88,100,0.71,CD,1670286698
374,puerto madryn,-42.7692,-65.0385,25.470000000000027,27,45,12.97,AR,1670286486
375,hongjiang,27.11,109.9956,5.53000000000003,76,7,0.85,CN,1670286699
376,salinopolis,-0.6136,-47.3561,27.010000000000048,78,100,4.8,BR,1670286466
377,dukat,62.55,155.55,-26.48999999999998,97,100,1.94,RU,1670286699
378,cravo norte,6.3017,-70.2041,24.939999999999998,72,55,2.41,CO,1670286700
379,ambulu,-8.345,113.6058,27.170000000000016,75,100,0.51,ID,1670286700
380,bauska,56.4075,24.1906,-4.349999999999966,95,100,3.91,LV,1670286701
381,kemijarvi,66.7131,27.4306,-2.5299999999999727,93,100,5.81,FI,1670286701
382,jorochito,-18.05,-63.4333,25.02000000000004,40,95,2.06,BO,1670286701
383,rochegda,62.8,43.25,-10.479999999999961,95,100,3.31,RU,1670286702
384,siddipet,18.1,78.85,15.970000000000027,63,47,1.49,IN,1670286702
385,general pico,-35.6566,-63.7568,30.970000000000027,18,0,5.89,AR,1670286703
386,faranah,10.0404,-10.7434,22.939999999999998,77,83,1.04,GN,1670286703
387,yarmouth,41.7057,-70.2286,8.080000000000041,86,75,1.34,US,1670286566
388,laramie,41.3114,-105.5911,-1.6899999999999977,67,100,7.72,US,1670286552
389,mount isa,-20.7333,139.5,34.870000000000005,26,0,3.6,AU,1670286704
390,parrita,9.5201,-84.3225,24.360000000000014,87,52,1.07,CR,1670286704
391,alice springs,-23.7,133.8833,35.75,10,3,8.75,AU,1670286704
392,edmundston,47.3737,-68.3251,3.1299999999999955,63,0,7.2,CA,1670286705
393,nicoya,10.1483,-85.452,23.33000000000004,87,43,1.21,CR,1670286417
394,wamba,8.9333,8.6,20.970000000000027,18,1,2.12,NG,1670286705
395,sao gabriel da cachoeira,-0.1303,-67.0892,25.33000000000004,82,100,0.72,BR,1670286706
396,groningen,53.25,6.75,5.090000000000032,93,75,1.54,NL,1670286428
397,vostok,46.4856,135.8833,-14.879999999999995,85,71,2.62,RU,1670286706
398,lewisporte,49.2499,-55.0482,-0.15999999999996817,95,25,0.52,CA,1670286707
399,minot,48.2325,-101.2963,-12.879999999999995,61,100,1.54,US,1670286654
400,okahandja,-21.9833,16.9167,17.379999999999995,20,0,2.69,NA,1670286707
401,coahuayana,18.7333,-103.6833,24.590000000000032,86,14,0.8,MX,1670286708
402,a coruna,43.3713,-8.396,11.629999999999995,84,0,3.09,ES,1670286618
403,hidrolandia,-4.4081,-40.4378,26.980000000000018,53,39,3.11,BR,1670286708
404,camana,-16.6228,-72.7111,20.350000000000023,79,100,2.82,PE,1670286708
405,arroyo,41.6096,-4.7969,8.110000000000014,95,75,3.09,ES,1670286709
406,tual,-5.6667,132.75,28.24000000000001,70,88,3.78,ID,1670286709
407,nara,34.6851,135.8049,11.090000000000032,48,57,3.67,JP,1670286609
408,ancud,-41.8697,-73.8203,12.870000000000005,96,71,3.24,CL,1670286492
409,ngunguru,-35.6167,174.5,18.430000000000007,76,100,3.53,NZ,1670286710
410,talcahuano,-36.7167,-73.1167,16.82000000000005,77,0,5.14,CL,1670286657
411,alexandria,31.2156,29.9553,18.83000000000004,64,100,5.09,EG,1670286688
412,sharan,54.8167,54.0,-22.93999999999997,100,100,0.12,RU,1670286710
413,piriyapatna,12.3397,76.0992,16.230000000000018,96,10,1.4,IN,1670286711
414,qiqihar,47.3408,123.9672,-13.060000000000002,74,26,4.87,CN,1670286711
415,homewood,33.4718,-86.8008,18.660000000000025,97,100,1.54,US,1670286712
416,cassilandia,-19.1133,-51.7342,22.620000000000005,83,99,0.78,BR,1670286712
417,urmary,55.6789,47.944,-20.00999999999999,94,88,1.54,RU,1670286713
418,lumut,4.2323,100.6298,25.010000000000048,88,20,0.0,MY,1670286713
419,waipawa,-41.4122,175.5153,18.450000000000045,51,49,5.61,NZ,1670286713
420,hay river,60.8156,-115.7999,-28.00999999999999,69,40,5.14,CA,1670286503
421,berbera,10.4396,45.0143,23.100000000000023,76,6,2.46,SO,1670286714
422,ranong,9.9658,98.6348,24.960000000000036,87,99,3.36,TH,1670286714
423,port lincoln,-34.7333,135.8667,18.04000000000002,61,100,5.13,AU,1670286640
424,uray,60.1247,64.7758,-18.44999999999999,98,79,2.45,RU,1670286715
425,bansi,27.1833,82.9333,13.120000000000005,70,0,3.02,IN,1670286715
426,faya,18.3851,42.4509,11.060000000000002,77,2,1.69,SA,1670286522
427,lircay,-12.9896,-74.7205,8.580000000000041,78,99,2.32,PE,1670286716
428,black river,18.0264,-77.8487,23.08000000000004,75,0,3.69,JM,1670286716
429,zarinsk,53.7074,84.9493,-22.149999999999977,100,51,0.49,RU,1670286716
430,meulaboh,4.1363,96.1285,23.400000000000034,91,100,1.82,ID,1670286455
431,campo alegre,-9.7819,-36.3508,21.640000000000043,95,10,1.59,BR,1670286717
432,bay-khaak,51.1667,94.5,-29.089999999999975,91,82,0.4,RU,1670286717
433,liseleje,56.0053,11.9483,2.8700000000000045,91,100,0.89,DK,1670286718
434,bjornevatn,69.6672,29.9847,-3.2099999999999795,93,75,3.6,NO,1670286718
435,la ronge,55.1001,-105.2842,-25.879999999999967,76,75,1.03,CA,1670286428
436,anloga,5.7947,0.8973,27.260000000000048,83,40,4.45,GH,1670286470
437,kirovskiy,45.0917,133.5136,-10.939999999999998,76,4,3.21,RU,1670286719
438,singkang,2.1006,102.7994,25.620000000000005,88,26,0.83,MY,1670286719
439,santa cruz,-17.8,-63.1667,29.700000000000045,58,75,3.09,BO,1670286604
440,altay,47.8667,88.1167,-15.629999999999995,81,29,2.71,CN,1670286720
441,port augusta,-32.5,137.7667,26.439999999999998,29,100,2.19,AU,1670286720
442,eldorado,-23.7869,-54.2836,22.890000000000043,91,100,1.51,BR,1670286720
443,rocha,-34.4833,-54.3333,16.27000000000004,93,0,3.08,UY,1670286721
444,governador valadares,-18.8511,-41.9494,20.980000000000018,91,100,1.78,BR,1670286721
445,srivardhan,18.0333,73.0167,24.680000000000007,73,9,1.72,IN,1670286722
446,contamana,-7.3333,-75.0167,26.53000000000003,65,46,1.24,PE,1670286722
447,ugoofaaru,5.6667,73.0,26.710000000000036,79,100,4.58,MV,1670286723
448,jalalabad,34.4265,70.4515,12.360000000000014,37,22,0.64,AF,1670286723
449,aviles,43.5547,-5.9248,10.650000000000034,79,0,1.54,ES,1670286723
450,ardabil,38.2498,48.2933,-5.25,93,75,2.06,IR,1670286466
451,san ignacio,17.1561,-89.0714,20.700000000000045,94,0,1.4,BZ,1670286724
452,margate,51.3813,1.3862,8.160000000000025,83,91,3.13,GB,1670286725
453,nakusp,50.2499,-117.8023,-4.810000000000002,74,100,0.51,CA,1670286725
454,ilo,-17.6394,-71.3375,19.25,82,100,1.57,PE,1670286726
455,yamada,39.4667,141.95,3.8799999999999955,87,100,0.26,JP,1670286726
456,morant bay,17.8815,-76.4093,27.79000000000002,79,8,6.28,JM,1670286726
457,vicuna,-30.0319,-70.7081,25.980000000000018,51,0,0.26,CL,1670286727
458,la rioja,42.25,-2.5,0.8799999999999955,93,100,1.25,ES,1670286611
459,tazovskiy,67.4667,78.7,-9.529999999999973,94,100,6.16,RU,1670286728
460,arvika,59.6553,12.5852,-5.659999999999968,79,100,1.43,SE,1670286728
461,richards bay,-28.783,32.0377,20.640000000000043,81,95,5.62,ZA,1670286729
462,rapallo,44.3511,9.2297,12.230000000000018,95,47,1.7,IT,1670286729
463,kachug,53.9606,105.8817,-11.229999999999961,81,100,7.4,RU,1670286729
464,rorvik,64.8621,11.2373,3.0600000000000023,75,40,9.77,NO,1670286730
465,broken hill,-31.95,141.4333,23.04000000000002,27,92,1.39,AU,1670286730
466,iquique,-20.2208,-70.1431,19.02000000000004,71,85,1.05,CL,1670286731
467,orda,57.1951,56.9091,-20.859999999999985,100,73,1.62,RU,1670286731
468,murray bridge,-35.1167,139.2667,19.629999999999995,31,96,2.5,AU,1670286640
469,mahajanga,-15.7167,46.3167,25.010000000000048,94,20,1.03,MG,1670286732
470,kharela,25.55,79.8167,12.390000000000043,55,0,1.85,IN,1670286732
471,umm lajj,25.0213,37.2685,23.04000000000002,72,0,2.53,SA,1670286431
472,hirna,9.2167,41.1,13.890000000000043,42,7,1.47,ET,1670286733
473,kurilsk,45.2333,147.8833,-0.060000000000002274,57,80,6.13,RU,1670286733
474,waddan,29.1614,16.139,18.340000000000032,23,24,1.77,LY,1670286734
475,longkou,37.6508,120.3286,3.8100000000000023,43,0,6.14,CN,1670286734
476,saint-leu,-21.15,55.2833,23.480000000000018,75,100,1.63,RE,1670286735
477,cockburn town,21.4612,-71.1419,25.970000000000027,62,1,8.74,TC,1670286735
478,beyneu,45.3167,55.2,-6.359999999999957,75,100,3.57,KZ,1670286736
479,damoh,23.8333,79.45,13.170000000000016,60,0,1.66,IN,1670286736
480,lagos,6.5833,3.75,27.180000000000007,92,56,1.63,NG,1670286157
481,klaeng,12.7797,101.6483,23.700000000000045,79,16,3.14,TH,1670286737
482,wattegama,6.7989,81.4808,22.370000000000005,94,100,1.08,LK,1670286737
483,comodoro rivadavia,-45.8667,-67.5,20.920000000000016,30,69,12.35,AR,1670286452
484,tapes,-30.6733,-51.3958,22.700000000000045,78,100,4.72,BR,1670286738
485,port hardy,50.6996,-127.4199,2.1000000000000227,93,75,2.06,CA,1670286642
486,tamale,9.4008,-0.8393,27.840000000000032,26,67,2.43,GH,1670286739
487,puerto varas,-41.3195,-72.9854,15.120000000000005,100,100,1.03,CL,1670286739
488,kihei,20.785,-156.4656,29.010000000000048,73,20,4.63,US,1670286513
489,nova olinda do norte,-3.8881,-59.0942,23.230000000000018,89,70,1.33,BR,1670286740
490,chippewa falls,44.9369,-91.3929,-1.4399999999999977,76,100,5.14,US,1670286591
491,piraju,-23.1936,-49.3839,21.260000000000048,95,100,1.57,BR,1670286740
492,camalu,30.85,-116.0667,15.620000000000005,70,0,5.56,MX,1670286741
493,inuvik,68.3499,-133.7218,-21.579999999999984,54,75,6.17,CA,1670286741
494,santa maria,-29.6842,-53.8069,24.610000000000014,83,40,3.6,BR,1670286578
495,ferrol,43.4832,-8.2369,11.510000000000048,83,85,1.97,ES,1670286742
496,matara,5.9485,80.5353,23.600000000000023,89,100,1.8,LK,1670286742
497,charlestown,-32.95,151.6667,22.450000000000045,71,94,4.02,AU,1670286743
498,wanning,18.8003,110.3967,19.260000000000048,86,93,5.85,CN,1670286527
499,rybnaya sloboda,55.4613,50.1409,-15.810000000000002,97,100,1.11,RU,1670286744
500,baraboo,43.4711,-89.7443,1.660000000000025,84,100,2.57,US,1670286744
501,kinsale,51.7075,-8.5306,5.650000000000034,93,75,6.69,IE,1670286745
502,brae,60.3964,-1.353,5.470000000000027,64,97,10.65,GB,1670286745
503,kambam,5.2505,96.8629,25.82000000000005,80,72,2.25,ID,1670286746
504,isiro,2.7739,27.616,17.74000000000001,99,95,1.0,CD,1670286746
505,pavlodar,52.3,76.95,-26.109999999999985,70,100,2.0,KZ,1670286714
506,santa fe,-31.6333,-60.7,31.670000000000016,48,0,2.24,AR,1670286585
507,nyurba,63.2842,118.3319,-21.649999999999977,95,100,3.31,RU,1670286520
508,verkhnevilyuysk,63.4453,120.3167,-22.769999999999982,96,100,2.85,RU,1670286747
509,galesong,-5.3166,119.3661,27.010000000000048,70,96,2.35,ID,1670286747
510,buchanan,5.8808,-10.0467,25.400000000000034,87,100,1.28,LR,1670286748
511,pandan,14.0453,124.1694,27.510000000000048,72,100,3.78,PH,1670286748
512,bud,39.447,-86.1758,7.0400000000000205,73,100,3.19,US,1670286749
513,bilibino,68.0546,166.4372,-20.169999999999987,72,100,2.73,RU,1670286749
514,evensk,61.95,159.2333,-18.669999999999987,91,52,3.09,RU,1670286749
515,livingstonia,-10.606,34.1063,19.840000000000032,60,99,0.23,MW,1670286750
516,vestmanna,62.1564,-7.1664,2.5100000000000477,56,40,4.12,FO,1670286750
517,asau,46.4333,26.4,-1.4899999999999523,99,100,1.39,RO,1670286750
518,ambilobe,-13.2,49.05,23.379999999999995,86,9,1.03,MG,1670286458
519,bathsheba,13.2167,-59.5167,23.360000000000014,92,20,2.57,BB,1670286474
520,wuwei,37.9281,102.6414,-4.609999999999957,63,99,0.98,CN,1670286751
521,quimper,48.0,-4.1,3.32000000000005,93,100,3.6,FR,1670286752
522,dallas,32.7668,-96.7836,24.930000000000007,77,40,7.72,US,1670286315
523,bafq,31.6128,55.4107,6.150000000000034,60,12,1.28,IR,1670286752
524,constitucion,-35.3333,-72.4167,14.430000000000007,77,3,5.31,CL,1670286477
525,sivaki,52.6333,126.75,-21.70999999999998,98,92,0.52,RU,1670286753
526,mendeleyevsk,55.9082,52.2905,-17.269999999999982,100,97,0.66,RU,1670286753
527,zaysan,47.4667,84.8667,-18.119999999999976,89,86,1.2,KZ,1670286754
528,saint-augustin,51.226,-58.6502,-6.159999999999968,86,15,0.48,CA,1670286754
529,dudhani,17.3667,76.3667,18.640000000000043,53,8,3.53,IN,1670286754
530,lerik,38.7726,48.4128,-3.599999999999966,97,78,0.8,AZ,1670286755
531,havre-saint-pierre,50.2334,-63.5986,1.0,80,100,8.75,CA,1670286755
532,tigil,57.8,158.6667,-7.71999999999997,81,100,7.89,RU,1670286756
533,beni mazar,28.4962,30.8029,13.700000000000045,81,0,3.52,EG,1670286756
